timestamp,"{""InfraID"":""Edge-Pi4"",""device"":""mmcblk0"",""instance"":""129.127.230.61:9100"",""job"":""node"",""label"":""Disk Write Rate (Bytes/Sec)""}","{""InfraID"":""Edge-Pi4"",""device"":""mmcblk0"",""instance"":""129.127.231.125:9100"",""job"":""node"",""label"":""Disk Write Rate (Bytes/Sec)""}","{""InfraID"":""Edge-Pi4"",""device"":""mmcblk0"",""instance"":""129.127.231.162:9100"",""job"":""node"",""label"":""Disk Write Rate (Bytes/Sec)""}","{""InfraID"":""Edge-Pi4"",""device"":""mmcblk0"",""instance"":""129.127.231.168:9100"",""job"":""node"",""label"":""Disk Write Rate (Bytes/Sec)""}","{""InfraID"":""Edge-Pi4"",""device"":""mmcblk0p1"",""instance"":""129.127.230.61:9100"",""job"":""node"",""label"":""Disk Write Rate (Bytes/Sec)""}","{""InfraID"":""Edge-Pi4"",""device"":""mmcblk0p1"",""instance"":""129.127.231.125:9100"",""job"":""node"",""label"":""Disk Write Rate (Bytes/Sec)""}","{""InfraID"":""Edge-Pi4"",""device"":""mmcblk0p1"",""instance"":""129.127.231.162:9100"",""job"":""node"",""label"":""Disk Write Rate (Bytes/Sec)""}","{""InfraID"":""Edge-Pi4"",""device"":""mmcblk0p1"",""instance"":""129.127.231.168:9100"",""job"":""node"",""label"":""Disk Write Rate (Bytes/Sec)""}","{""InfraID"":""Edge-Pi4"",""device"":""mmcblk0p2"",""instance"":""129.127.230.61:9100"",""job"":""node"",""label"":""Disk Write Rate (Bytes/Sec)""}","{""InfraID"":""Edge-Pi4"",""device"":""mmcblk0p2"",""instance"":""129.127.231.125:9100"",""job"":""node"",""label"":""Disk Write Rate (Bytes/Sec)""}","{""InfraID"":""Edge-Pi4"",""device"":""mmcblk0p2"",""instance"":""129.127.231.162:9100"",""job"":""node"",""label"":""Disk Write Rate (Bytes/Sec)""}","{""InfraID"":""Edge-Pi4"",""device"":""mmcblk0p2"",""instance"":""129.127.231.168:9100"",""job"":""node"",""label"":""Disk Write Rate (Bytes/Sec)""}","{""InfraID"":""Edge-Pi4"",""device"":""nvme0n1"",""instance"":""129.127.231.53:9100"",""job"":""node"",""label"":""Disk Write Rate (Bytes/Sec)""}","{""InfraID"":""Edge-Pi4"",""device"":""mmcblk0"",""instance"":""129.127.230.61:9100"",""job"":""node"",""label"":""Disk Read Rate (Bytes/Sec)""}","{""InfraID"":""Edge-Pi4"",""device"":""mmcblk0"",""instance"":""129.127.231.125:9100"",""job"":""node"",""label"":""Disk Read Rate (Bytes/Sec)""}","{""InfraID"":""Edge-Pi4"",""device"":""mmcblk0"",""instance"":""129.127.231.162:9100"",""job"":""node"",""label"":""Disk Read Rate (Bytes/Sec)""}","{""InfraID"":""Edge-Pi4"",""device"":""mmcblk0"",""instance"":""129.127.231.168:9100"",""job"":""node"",""label"":""Disk Read Rate (Bytes/Sec)""}","{""InfraID"":""Edge-Pi4"",""device"":""mmcblk0p1"",""instance"":""129.127.230.61:9100"",""job"":""node"",""label"":""Disk Read Rate (Bytes/Sec)""}","{""InfraID"":""Edge-Pi4"",""device"":""mmcblk0p1"",""instance"":""129.127.231.125:9100"",""job"":""node"",""label"":""Disk Read Rate (Bytes/Sec)""}","{""InfraID"":""Edge-Pi4"",""device"":""mmcblk0p1"",""instance"":""129.127.231.162:9100"",""job"":""node"",""label"":""Disk Read Rate (Bytes/Sec)""}","{""InfraID"":""Edge-Pi4"",""device"":""mmcblk0p1"",""instance"":""129.127.231.168:9100"",""job"":""node"",""label"":""Disk Read Rate (Bytes/Sec)""}","{""InfraID"":""Edge-Pi4"",""device"":""mmcblk0p2"",""instance"":""129.127.230.61:9100"",""job"":""node"",""label"":""Disk Read Rate (Bytes/Sec)""}","{""InfraID"":""Edge-Pi4"",""device"":""mmcblk0p2"",""instance"":""129.127.231.125:9100"",""job"":""node"",""label"":""Disk Read Rate (Bytes/Sec)""}","{""InfraID"":""Edge-Pi4"",""device"":""mmcblk0p2"",""instance"":""129.127.231.162:9100"",""job"":""node"",""label"":""Disk Read Rate (Bytes/Sec)""}","{""InfraID"":""Edge-Pi4"",""device"":""mmcblk0p2"",""instance"":""129.127.231.168:9100"",""job"":""node"",""label"":""Disk Read Rate (Bytes/Sec)""}","{""InfraID"":""Edge-Pi4"",""device"":""nvme0n1"",""instance"":""129.127.231.53:9100"",""job"":""node"",""label"":""Disk Read Rate (Bytes/Sec)""}","{""InfraID"":""Edge-Pi4"",""instance"":""129.127.230.61:9100"",""job"":""node"",""label"":""Free Memory Percentage""}","{""InfraID"":""Edge-Pi4"",""instance"":""129.127.231.125:9100"",""job"":""node"",""label"":""Free Memory Percentage""}","{""InfraID"":""Edge-Pi4"",""instance"":""129.127.231.162:9100"",""job"":""node"",""label"":""Free Memory Percentage""}","{""InfraID"":""Edge-Pi4"",""instance"":""129.127.231.168:9100"",""job"":""node"",""label"":""Free Memory Percentage""}","{""InfraID"":""Edge-Pi4"",""instance"":""129.127.231.53:9100"",""job"":""node"",""label"":""Free Memory Percentage""}","{""InfraID"":""Edge-Pi4"",""device"":""docker0"",""instance"":""129.127.230.61:9100"",""job"":""node"",""label"":""Network Receive Rate (Bytes/Sec)""}","{""InfraID"":""Edge-Pi4"",""device"":""docker0"",""instance"":""129.127.231.125:9100"",""job"":""node"",""label"":""Network Receive Rate (Bytes/Sec)""}","{""InfraID"":""Edge-Pi4"",""device"":""docker0"",""instance"":""129.127.231.162:9100"",""job"":""node"",""label"":""Network Receive Rate (Bytes/Sec)""}","{""InfraID"":""Edge-Pi4"",""device"":""docker0"",""instance"":""129.127.231.168:9100"",""job"":""node"",""label"":""Network Receive Rate (Bytes/Sec)""}","{""InfraID"":""Edge-Pi4"",""device"":""docker0"",""instance"":""129.127.231.53:9100"",""job"":""node"",""label"":""Network Receive Rate (Bytes/Sec)""}","{""InfraID"":""Edge-Pi4"",""device"":""eno1"",""instance"":""129.127.231.53:9100"",""job"":""node"",""label"":""Network Receive Rate (Bytes/Sec)""}","{""InfraID"":""Edge-Pi4"",""device"":""enp5s0"",""instance"":""129.127.231.53:9100"",""job"":""node"",""label"":""Network Receive Rate (Bytes/Sec)""}","{""InfraID"":""Edge-Pi4"",""device"":""eth0"",""instance"":""129.127.230.61:9100"",""job"":""node"",""label"":""Network Receive Rate (Bytes/Sec)""}","{""InfraID"":""Edge-Pi4"",""device"":""eth0"",""instance"":""129.127.231.125:9100"",""job"":""node"",""label"":""Network Receive Rate (Bytes/Sec)""}","{""InfraID"":""Edge-Pi4"",""device"":""eth0"",""instance"":""129.127.231.162:9100"",""job"":""node"",""label"":""Network Receive Rate (Bytes/Sec)""}","{""InfraID"":""Edge-Pi4"",""device"":""eth0"",""instance"":""129.127.231.168:9100"",""job"":""node"",""label"":""Network Receive Rate (Bytes/Sec)""}","{""InfraID"":""Edge-Pi4"",""device"":""lo"",""instance"":""129.127.230.61:9100"",""job"":""node"",""label"":""Network Receive Rate (Bytes/Sec)""}","{""InfraID"":""Edge-Pi4"",""device"":""lo"",""instance"":""129.127.231.125:9100"",""job"":""node"",""label"":""Network Receive Rate (Bytes/Sec)""}","{""InfraID"":""Edge-Pi4"",""device"":""lo"",""instance"":""129.127.231.162:9100"",""job"":""node"",""label"":""Network Receive Rate (Bytes/Sec)""}","{""InfraID"":""Edge-Pi4"",""device"":""lo"",""instance"":""129.127.231.168:9100"",""job"":""node"",""label"":""Network Receive Rate (Bytes/Sec)""}","{""InfraID"":""Edge-Pi4"",""device"":""lo"",""instance"":""129.127.231.53:9100"",""job"":""node"",""label"":""Network Receive Rate (Bytes/Sec)""}","{""InfraID"":""Edge-Pi4"",""device"":""wlan0"",""instance"":""129.127.230.61:9100"",""job"":""node"",""label"":""Network Receive Rate (Bytes/Sec)""}","{""InfraID"":""Edge-Pi4"",""device"":""wlan0"",""instance"":""129.127.231.125:9100"",""job"":""node"",""label"":""Network Receive Rate (Bytes/Sec)""}","{""InfraID"":""Edge-Pi4"",""device"":""wlan0"",""instance"":""129.127.231.162:9100"",""job"":""node"",""label"":""Network Receive Rate (Bytes/Sec)""}","{""InfraID"":""Edge-Pi4"",""device"":""wlan0"",""instance"":""129.127.231.168:9100"",""job"":""node"",""label"":""Network Receive Rate (Bytes/Sec)""}","{""InfraID"":""Edge-Pi4"",""device"":""wlp6s0"",""instance"":""129.127.231.53:9100"",""job"":""node"",""label"":""Network Receive Rate (Bytes/Sec)""}","{""InfraID"":""Edge-Pi4"",""device"":""docker0"",""instance"":""129.127.230.61:9100"",""job"":""node"",""label"":""Network Send Rate (Bytes/Sec)""}","{""InfraID"":""Edge-Pi4"",""device"":""docker0"",""instance"":""129.127.231.125:9100"",""job"":""node"",""label"":""Network Send Rate (Bytes/Sec)""}","{""InfraID"":""Edge-Pi4"",""device"":""docker0"",""instance"":""129.127.231.162:9100"",""job"":""node"",""label"":""Network Send Rate (Bytes/Sec)""}","{""InfraID"":""Edge-Pi4"",""device"":""docker0"",""instance"":""129.127.231.168:9100"",""job"":""node"",""label"":""Network Send Rate (Bytes/Sec)""}","{""InfraID"":""Edge-Pi4"",""device"":""docker0"",""instance"":""129.127.231.53:9100"",""job"":""node"",""label"":""Network Send Rate (Bytes/Sec)""}","{""InfraID"":""Edge-Pi4"",""device"":""eno1"",""instance"":""129.127.231.53:9100"",""job"":""node"",""label"":""Network Send Rate (Bytes/Sec)""}","{""InfraID"":""Edge-Pi4"",""device"":""enp5s0"",""instance"":""129.127.231.53:9100"",""job"":""node"",""label"":""Network Send Rate (Bytes/Sec)""}","{""InfraID"":""Edge-Pi4"",""device"":""eth0"",""instance"":""129.127.230.61:9100"",""job"":""node"",""label"":""Network Send Rate (Bytes/Sec)""}","{""InfraID"":""Edge-Pi4"",""device"":""eth0"",""instance"":""129.127.231.125:9100"",""job"":""node"",""label"":""Network Send Rate (Bytes/Sec)""}","{""InfraID"":""Edge-Pi4"",""device"":""eth0"",""instance"":""129.127.231.162:9100"",""job"":""node"",""label"":""Network Send Rate (Bytes/Sec)""}","{""InfraID"":""Edge-Pi4"",""device"":""eth0"",""instance"":""129.127.231.168:9100"",""job"":""node"",""label"":""Network Send Rate (Bytes/Sec)""}","{""InfraID"":""Edge-Pi4"",""device"":""lo"",""instance"":""129.127.230.61:9100"",""job"":""node"",""label"":""Network Send Rate (Bytes/Sec)""}","{""InfraID"":""Edge-Pi4"",""device"":""lo"",""instance"":""129.127.231.125:9100"",""job"":""node"",""label"":""Network Send Rate (Bytes/Sec)""}","{""InfraID"":""Edge-Pi4"",""device"":""lo"",""instance"":""129.127.231.162:9100"",""job"":""node"",""label"":""Network Send Rate (Bytes/Sec)""}","{""InfraID"":""Edge-Pi4"",""device"":""lo"",""instance"":""129.127.231.168:9100"",""job"":""node"",""label"":""Network Send Rate (Bytes/Sec)""}","{""InfraID"":""Edge-Pi4"",""device"":""lo"",""instance"":""129.127.231.53:9100"",""job"":""node"",""label"":""Network Send Rate (Bytes/Sec)""}","{""InfraID"":""Edge-Pi4"",""device"":""wlan0"",""instance"":""129.127.230.61:9100"",""job"":""node"",""label"":""Network Send Rate (Bytes/Sec)""}","{""InfraID"":""Edge-Pi4"",""device"":""wlan0"",""instance"":""129.127.231.125:9100"",""job"":""node"",""label"":""Network Send Rate (Bytes/Sec)""}","{""InfraID"":""Edge-Pi4"",""device"":""wlan0"",""instance"":""129.127.231.162:9100"",""job"":""node"",""label"":""Network Send Rate (Bytes/Sec)""}","{""InfraID"":""Edge-Pi4"",""device"":""wlan0"",""instance"":""129.127.231.168:9100"",""job"":""node"",""label"":""Network Send Rate (Bytes/Sec)""}","{""InfraID"":""Edge-Pi4"",""device"":""wlp6s0"",""instance"":""129.127.231.53:9100"",""job"":""node"",""label"":""Network Send Rate (Bytes/Sec)""}","{""InfraID"":""Edge-Pi4"",""instance"":""129.127.231.53:9100"",""job"":""node"",""label"":""CPU Wait Percentage""}","{""InfraID"":""Edge-Pi4"",""instance"":""129.127.231.53:9100"",""job"":""node"",""label"":""IO Wait Percentage""}","{""InfraID"":""Edge-Pi4"",""instance"":""129.127.231.53:9100"",""job"":""node"",""label"":""Memory Wait Percentage""}","{""InfraID"":""Edge-Pi4"",""cpu"":""0"",""instance"":""129.127.230.61:9100"",""job"":""node"",""mode"":""idle"",""label"":""CPU Usage Percentage""}","{""InfraID"":""Edge-Pi4"",""cpu"":""0"",""instance"":""129.127.231.125:9100"",""job"":""node"",""mode"":""idle"",""label"":""CPU Usage Percentage""}","{""InfraID"":""Edge-Pi4"",""cpu"":""0"",""instance"":""129.127.231.162:9100"",""job"":""node"",""mode"":""idle"",""label"":""CPU Usage Percentage""}","{""InfraID"":""Edge-Pi4"",""cpu"":""0"",""instance"":""129.127.231.168:9100"",""job"":""node"",""mode"":""idle"",""label"":""CPU Usage Percentage""}","{""InfraID"":""Edge-Pi4"",""cpu"":""0"",""instance"":""129.127.231.53:9100"",""job"":""node"",""mode"":""idle"",""label"":""CPU Usage Percentage""}","{""InfraID"":""Edge-Pi4"",""cpu"":""1"",""instance"":""129.127.230.61:9100"",""job"":""node"",""mode"":""idle"",""label"":""CPU Usage Percentage""}","{""InfraID"":""Edge-Pi4"",""cpu"":""1"",""instance"":""129.127.231.125:9100"",""job"":""node"",""mode"":""idle"",""label"":""CPU Usage Percentage""}","{""InfraID"":""Edge-Pi4"",""cpu"":""1"",""instance"":""129.127.231.162:9100"",""job"":""node"",""mode"":""idle"",""label"":""CPU Usage Percentage""}","{""InfraID"":""Edge-Pi4"",""cpu"":""1"",""instance"":""129.127.231.168:9100"",""job"":""node"",""mode"":""idle"",""label"":""CPU Usage Percentage""}","{""InfraID"":""Edge-Pi4"",""cpu"":""1"",""instance"":""129.127.231.53:9100"",""job"":""node"",""mode"":""idle"",""label"":""CPU Usage Percentage""}","{""InfraID"":""Edge-Pi4"",""cpu"":""2"",""instance"":""129.127.230.61:9100"",""job"":""node"",""mode"":""idle"",""label"":""CPU Usage Percentage""}","{""InfraID"":""Edge-Pi4"",""cpu"":""2"",""instance"":""129.127.231.125:9100"",""job"":""node"",""mode"":""idle"",""label"":""CPU Usage Percentage""}","{""InfraID"":""Edge-Pi4"",""cpu"":""2"",""instance"":""129.127.231.162:9100"",""job"":""node"",""mode"":""idle"",""label"":""CPU Usage Percentage""}","{""InfraID"":""Edge-Pi4"",""cpu"":""2"",""instance"":""129.127.231.168:9100"",""job"":""node"",""mode"":""idle"",""label"":""CPU Usage Percentage""}","{""InfraID"":""Edge-Pi4"",""cpu"":""2"",""instance"":""129.127.231.53:9100"",""job"":""node"",""mode"":""idle"",""label"":""CPU Usage Percentage""}","{""InfraID"":""Edge-Pi4"",""cpu"":""3"",""instance"":""129.127.230.61:9100"",""job"":""node"",""mode"":""idle"",""label"":""CPU Usage Percentage""}","{""InfraID"":""Edge-Pi4"",""cpu"":""3"",""instance"":""129.127.231.125:9100"",""job"":""node"",""mode"":""idle"",""label"":""CPU Usage Percentage""}","{""InfraID"":""Edge-Pi4"",""cpu"":""3"",""instance"":""129.127.231.162:9100"",""job"":""node"",""mode"":""idle"",""label"":""CPU Usage Percentage""}","{""InfraID"":""Edge-Pi4"",""cpu"":""3"",""instance"":""129.127.231.168:9100"",""job"":""node"",""mode"":""idle"",""label"":""CPU Usage Percentage""}","{""InfraID"":""Edge-Pi4"",""cpu"":""3"",""instance"":""129.127.231.53:9100"",""job"":""node"",""mode"":""idle"",""label"":""CPU Usage Percentage""}","{""InfraID"":""Edge-Pi4"",""cpu"":""4"",""instance"":""129.127.231.53:9100"",""job"":""node"",""mode"":""idle"",""label"":""CPU Usage Percentage""}","{""InfraID"":""Edge-Pi4"",""cpu"":""5"",""instance"":""129.127.231.53:9100"",""job"":""node"",""mode"":""idle"",""label"":""CPU Usage Percentage""}","{""InfraID"":""Edge-Pi4"",""cpu"":""6"",""instance"":""129.127.231.53:9100"",""job"":""node"",""mode"":""idle"",""label"":""CPU Usage Percentage""}","{""InfraID"":""Edge-Pi4"",""cpu"":""7"",""instance"":""129.127.231.53:9100"",""job"":""node"",""mode"":""idle"",""label"":""CPU Usage Percentage""}"
1619143989.973,6552.7263031595785,2457.6,3822.1688995534228,6278.858970941083,0,0,0,0,6552.7263031595785,2457.6,3822.1688995534228,6278.858970941083,7372.308512765816,0,0,0,0,0,0,0,0,0,0,0,0,0,78.85236884776657,81.3719897668144,78.90645329501842,81.07309666115277,86.23088829205017,0,0,0,0,0,0,0,0,0,0,0,0,0,0,0,0,5604.719370750567,12475.266666666666,3339.532093581284,11908.957611303653,13985.067662155856,0,0,0,0,0,0,0,0,0,0,0,0,0,0,0,0,10153.912811625116,20042.133333333335,6687.729120842499,20493.668355105307,23060.92927138191,0.3220118658756027,0.5005599626690974,0,4.546060525604744,9.466666666946068,3.752582816366484,8.491069048377938,1.0065995599905335,3.8128249563310135,1.3999999997516426,3.219356128650091,6.491602239992503,1.2732484501188424,3.14624716685816,7.399999999906868,0.4865693524546941,5.4918688346359374,2.3398440103410962,4.279429409505198,8.933333333116025,3.28600946471164,6.89149560058334,2.139857342890366,1.1399240050546808,1.0065995599905335,1.539897340150148,0.8732751150233753
1619143994.973,6552.7263031595785,2457.6,9034.086352091967,6278.858970941083,0,0,0,0,6552.7263031595785,2457.6,9034.086352091967,6278.858970941083,3011.1608634632094,0,0,0,0,0,0,0,0,0,0,0,0,0,78.85236884776657,81.3719897668144,78.90461646473439,81.07309666115277,86.23228623863831,0,0,0,0,0,0,0,0,0,0,0,0,0,0,0,0,5604.719370750567,12475.266666666666,13422.938109878358,11908.957611303653,7658.424112811603,0,0,0,0,0,0,0,0,0,0,0,0,0,0,0,0,10153.912811625116,20042.133333333335,22241.077396070046,20493.668355105307,14098.041836530108,0.2676000801978361,0.28647998396064994,0,4.546060525604744,9.466666666946068,10.10560085581183,8.491069048377938,-0.0467820624284343,3.8128249563310135,1.3999999997516426,8.434701243460538,6.491602239992503,-0.24727661565194126,3.14624716685816,7.399999999906868,0.2138751508166905,5.4918688346359374,0.15371249079510108,4.279429409505198,8.933333333116025,8.167357305235342,6.89149560058334,0.6883646327569153,-0.38093965116672734,-0.24727661565194126,-0.11361358013716938,-0.18044509794319197
1619143999.973,2463.183215287986,2457.6,9034.086352091967,6278.858970941083,0,0,0,0,2463.183215287986,2457.6,9034.086352091967,6278.858970941083,3011.1608634632094,0,0,0,0,0,0,0,0,0,0,0,0,0,78.85338930903546,81.3719897668144,78.90461646473439,81.07309666115277,86.23228623863831,0,0,0,0,0,0,0,0,0,0,0,0,0,0,0,0,15232.794333823334,12475.266666666666,13422.938109878358,11908.957611303653,7658.424112811603,0,0,0,0,0,0,0,0,0,0,0,0,0,0,0,0,24571.495389549647,20042.133333333335,22241.077396070046,20493.668355105307,14098.041836530108,0.2676000801978361,0.28647998396064994,0,9.661900307238895,9.466666666946068,10.10560085581183,8.491069048377938,-0.0467820624284343,7.790992917745882,1.3999999997516426,8.434701243460538,6.491602239992503,-0.24727661565194126,9.929172791785561,7.399999999906868,0.2138751508166905,5.4918688346359374,0.15371249079510108,5.920085526697136,8.933333333116025,8.167357305235342,6.89149560058334,0.6883646327569153,-0.38093965116672734,-0.24727661565194126,-0.11361358013716938,-0.18044509794319197
1619144004.973,2463.183215287986,6021.114526259522,9034.086352091967,1642.5611549258122,0,0,0,0,2463.183215287986,6021.114526259522,9034.086352091967,1642.5611549258122,3011.1608634632094,0,0,0,0,0,0,0,0,0,0,0,0,0,78.85338930903546,81.37178567456061,78.90461646473439,81.07411712242167,86.23228623863831,0,0,0,0,0,0,0,0,0,0,0,0,0,0,0,0,15232.794333823334,4662.635306695176,13422.938109878358,7839.393129260794,7658.424112811603,0,0,0,0,0,0,0,0,0,0,0,0,0,0,0,0,24571.495389549647,9401.443271415208,22241.077396070046,14042.24034220024,14098.041836530108,0.2676000801978361,0.28647998396064994,0,9.661900307238895,4.516904984382904,10.10560085581183,5.894933832655454,-0.0467820624284343,7.790992917745882,3.5146331688886647,8.434701243460538,4.0235262658572,-0.24727661565194126,9.929172791785561,2.913270078658698,0.2138751508166905,3.2883304372940785,0.15371249079510108,5.920085526697136,2.3119069892065625,8.167357305235342,4.892394065089064,0.6883646327569153,-0.38093965116672734,-0.24727661565194126,-0.11361358013716938,-0.18044509794319197
1619144009.973,2463.183215287986,6021.114526259522,2730.302626316491,1642.5611549258122,0,0,0,0,2463.183215287986,6021.114526259522,2730.302626316491,1642.5611549258122,7372.308512765816,0,0,0,0,0,0,0,0,0,0,0,0,0,78.85338930903546,81.37178567456061,78.90084075803945,81.07411712242167,86.23348798219654,0,0,0,0,0,0,0,0,0,0,0,0,0,0,0,0,15232.794333823334,4662.635306695176,4972.270363951473,7839.393129260794,13632.091193920405,0,0,0,0,0,0,0,0,0,0,0,0,0,0,0,0,24571.495389549647,9401.443271415208,10202.039728036261,14042.24034220024,21753.883074461704,0.32541830544622347,0.4341977201518035,0,9.661900307238895,4.516904984382904,4.412744967554971,5.894933832655454,1.9398706753426325,7.790992917745882,3.5146331688886647,4.279429409505198,4.0235262658572,2.2731817878575242,9.929172791785561,2.913270078658698,1.7464338088875735,3.2883304372940785,3.406439570757371,5.920085526697136,2.3119069892065625,2.812958272509732,4.892394065089064,2.4731684554052578,2.0065328978262045,2.0731951203097907,2.0731951203097907,1.8732084527620572
1619144014.973,6008.668400346736,6021.114526259522,2730.302626316491,1642.5611549258122,0,0,0,0,6008.668400346736,6021.114526259522,2730.302626316491,1642.5611549258122,7372.308512765816,0,0,0,0,0,0,0,0,0,0,0,0,0,78.85298112452791,81.37178567456061,78.90084075803945,81.07411712242167,86.23348798219654,0,0,0,0,0,0,0,0,0,0,0,0,0,0,0,0,6150.963526038541,4662.635306695176,4972.270363951473,7839.393129260794,13632.091193920405,0,0,0,0,0,0,0,0,0,0,0,0,0,0,0,0,11273.388010935521,9401.443271415208,10202.039728036261,14042.24034220024,21753.883074461704,0.32541830544622347,0.4341977201518035,0,5.847836233944506,4.516904984382904,4.412744967554971,5.894933832655454,1.9398706753426325,2.047076081479389,3.5146331688886647,4.279429409505198,4.0235262658572,2.2731817878575242,4.514236180134745,2.913270078658698,1.7464338088875735,3.2883304372940785,3.406439570757371,4.5142361809109985,2.3119069892065625,2.812958272509732,4.892394065089064,2.4731684554052578,2.0065328978262045,2.0731951203097907,2.0731951203097907,1.8732084527620572
1619144019.973,6008.668400346736,3276.8,2730.302626316491,3003.733333333333,0,0,0,0,6008.668400346736,3276.8,2730.302626316491,3003.733333333333,7372.308512765816,0,0,0,0,0,0,0,0,0,0,0,0,0,78.85298112452791,81.3719897668144,78.90084075803945,81.072892568899,86.23348798219654,0,0,0,0,0,0,0,0,0,0,0,0,0,0,0,0,6150.963526038541,12461,4972.270363951473,6669,13632.091193920405,0,0,0,0,0,0,0,0,0,0,0,0,0,0,0,0,11273.388010935521,20410.6,10202.039728036261,11518.666666666666,21753.883074461704,0.32541830544622347,0.4341977201518035,0,5.847836233944506,8.466666666790843,4.412744967554971,5.599999999782696,1.9398706753426325,2.047076081479389,6.533333333209157,4.279429409505198,5.066666666728764,2.2731817878575242,4.514236180134745,6.000000000155225,1.7464338088875735,2.3999999999068677,3.406439570757371,4.5142361809109985,6.933333333581686,2.812958272509732,4.133333333302289,2.4731684554052578,2.0065328978262045,2.0731951203097907,2.0731951203097907,1.8732084527620572
1619144024.973,6008.668400346736,3276.8,7938.515003675734,3003.733333333333,0,0,0,0,6008.668400346736,3276.8,7938.515003675734,3003.733333333333,365122.88673571666,0,0,0,0,0,0,0,0,0,0,0,0,0,78.85298112452791,81.3719897668144,78.90186121930836,81.072892568899,87.2981837240267,0,0,0,0,0,0,0,0,0,0,0,0,0,0,0,0,6150.963526038541,12461,3459.2661899351738,6669,137363.24757768126,0,0,0,0,0,0,0,0,0,0,0,0,0,0,0,0,11273.388010935521,20410.6,7924.680879502774,11518.666666666666,20053.05713331106,0.47717340461087154,0.2200066822586595,0,5.847836233944506,8.466666666790843,3.829445966624533,5.599999999782696,2.6394921482994675,2.047076081479389,6.533333333209157,3.6957829310125163,5.066666666728764,1.97126628801702,4.514236180134745,6.000000000155225,1.0893537389122088,2.3999999999068677,3.842298696963468,4.5142361809109985,6.933333333581686,3.628951413206508,4.133333333302289,2.706314734395775,4.310056799248699,4.109589041154237,2.0380888740160827,1.8376211159216211
1619144029.973,3010.758436351487,3276.8,7938.515003675734,3003.733333333333,0,0,0,0,3010.758436351487,3276.8,7938.515003675734,3003.733333333333,365122.88673571666,0,0,0,0,0,0,0,0,0,0,0,0,0,78.851960663259,81.3719897668144,78.90186121930836,81.072892568899,87.2981837240267,0,0,0,0,0,0,0,0,0,0,0,0,0,0,0,0,6833.678583361176,12461,3459.2661899351738,6669,137363.24757768126,0,0,0,0,0,0,0,0,0,0,0,0,0,0,0,0,12014.767791513532,20410.6,7924.680879502774,11518.666666666666,20053.05713331106,0.47717340461087154,0.2200066822586595,0,5.780153692103468,8.466666666790843,3.829445966624533,5.599999999782696,2.6394921482994675,3.0404276644883907,6.533333333209157,3.6957829310125163,5.066666666728764,1.97126628801702,1.3698630136363903,6.000000000155225,1.0893537389122088,2.3999999999068677,3.842298696963468,5.4460407616219015,6.933333333581686,3.628951413206508,4.133333333302289,2.706314734395775,4.310056799248699,4.109589041154237,2.0380888740160827,1.8376211159216211
1619144034.973,3010.758436351487,6295.222185098563,7938.515003675734,6569.366479550922,0,0,0,0,3010.758436351487,6295.222185098563,7938.515003675734,6569.366479550922,365122.88673571666,0,0,0,0,0,0,0,0,0,0,0,0,0,78.851960663259,81.37096930554549,78.90186121930836,81.07370893791412,87.2981837240267,0,0,0,0,0,0,0,0,0,0,0,0,0,0,0,0,6833.678583361176,1241.6972936852655,3459.2661899351738,8658.513766372627,137363.24757768126,0,0,0,0,0,0,0,0,0,0,0,0,0,0,0,0,12014.767791513532,4494.6207818242565,7924.680879502774,16007.284148623363,20053.05713331106,0.47717340461087154,0.2200066822586595,0,5.780153692103468,0.968927497058516,3.829445966624533,7.110398289071881,2.6394921482994675,3.0404276644883907,1.3698630136363903,3.6957829310125163,5.506549051740478,1.97126628801702,1.3698630136363903,1.9044437016289777,1.0893537389122088,4.704624431907817,3.842298696963468,5.4460407616219015,1.1693952553474674,3.628951413206508,2.0315423689108485,2.706314734395775,4.310056799248699,4.109589041154237,2.0380888740160827,1.8376211159216211
1619144039.973,3010.758436351487,6295.222185098563,2184.3877074861675,6569.366479550922,0,0,0,0,3010.758436351487,6295.222185098563,2184.3877074861675,6569.366479550922,839953.0666666667,0,0,0,0,0,0,0,0,0,0,0,0,0,78.851960663259,81.37096930554549,78.9014530348008,81.07370893791412,87.26500088659243,0,0,0,0,0,0,0,0,0,0,0,0,0,0,0,86.4,6833.678583361176,1241.6972936852655,6910.272648490101,8658.513766372627,86779.6,0,0,0,0,34.666666666666664,0,0,0,0,0,0,0,0,0,0,86.4,12014.767791513532,4494.6207818242565,13483.767748816746,16007.284148623363,12810.933333333332,0.5235933333331863,0.13462000000004082,0,5.780153692103468,0.968927497058516,6.272915138618231,7.110398289071881,7.733333333356612,3.0404276644883907,1.3698630136363903,5.206319578881008,5.506549051740478,6.800000000027168,1.3698630136363903,1.9044437016289777,1.6732217852143236,4.704624431907817,7.733333333259608,5.4460407616219015,1.1693952553474674,4.406372908690059,2.0315423689108485,6.466666666674428,5.733333333337214,7.533333333267365,5.266666666720994,6.5333333333061745
1619144044.973,8737.55082994467,6295.222185098563,2184.3877074861675,6569.366479550922,0,0,0,0,8737.55082994467,6295.222185098563,2184.3877074861675,6569.366479550922,839953.0666666667,0,0,0,0,0,0,0,0,0,0,0,0,0,78.85277703227412,81.37096930554549,78.9014530348008,81.07370893791412,87.26500088659243,0,0,0,0,0,0,0,0,0,0,0,0,0,0,0,86.4,6253.916405572962,1241.6972936852655,6910.272648490101,8658.513766372627,86779.6,0,0,0,0,34.666666666666664,0,0,0,0,0,0,0,0,0,0,86.4,12288.447436837545,4494.6207818242565,13483.767748816746,16007.284148623363,12810.933333333332,0.5235933333331863,0.13462000000004082,0,6.139590693457066,0.968927497058516,6.272915138618231,7.110398289071881,7.733333333356612,4.33971068610947,1.3698630136363903,5.206319578881008,5.506549051740478,6.800000000027168,4.13972401836773,1.9044437016289777,1.6732217852143236,4.704624431907817,7.733333333259608,4.473035131270649,1.1693952553474674,4.406372908690059,2.0315423689108485,6.466666666674428,5.733333333337214,7.533333333267365,5.266666666720994,6.5333333333061745
1619144049.973,8737.55082994467,2184.678978598573,2184.3877074861675,1638.2907806146256,0,0,0,0,8737.55082994467,2184.678978598573,2184.3877074861675,1638.2907806146256,839953.0666666667,0,0,0,0,0,0,0,0,0,0,0,0,0,78.85277703227412,81.37239795132196,78.9014530348008,81.07411712242167,87.26500088659243,0,0,0,0,0,0,0,0,0,0,0,0,0,0,0,86.4,6253.916405572962,7189.012600840056,6910.272648490101,4358.376108259449,86779.6,0,0,0,0,34.666666666666664,0,0,0,0,0,0,0,0,0,0,86.4,12288.447436837545,13007.26715114341,13483.767748816746,9258.982734484369,12810.933333333332,0.5235933333331863,0.13462000000004082,0,6.139590693457066,5.860390692743906,6.272915138618231,4.673021799012389,7.733333333356612,4.33971068610947,4.326955130497254,5.206319578881008,3.67308846030366,6.800000000027168,4.13972401836773,4.660310687844856,1.6732217852143236,2.8731417901127116,7.733333333259608,4.473035131270649,4.260284019027736,4.406372908690059,3.273115125596206,6.466666666674428,5.733333333337214,7.533333333267365,5.266666666720994,6.5333333333061745
1619144054.973,8737.55082994467,2184.678978598573,6295.222185098563,1638.2907806146256,0,0,0,0,8737.55082994467,2184.678978598573,6295.222185098563,1638.2907806146256,1480472.0347477447,0,0,0,0,0,0,0,0,0,0,0,0,0,78.85277703227412,81.37239795132196,78.90328986508482,81.07411712242167,87.00947096550775,0,0,0,0,0,0,0,0,0,0,0,0,0,0,0,179.08453057133312,6253.916405572962,7189.012600840056,9789.308386234547,4358.376108259449,124929.43534914801,0,0,0,0,52.12161710658202,0,0,0,0,0,0,0,0,0,0,179.08453057133312,12288.447436837545,13007.26715114341,16793.250918810558,9258.982734484369,30769.9966588707,1.0487203474777547,0.13879051119277544,0,6.139590693457066,5.860390692743906,6.849315068866545,4.673021799012389,8.920815235518504,4.33971068610947,4.326955130497254,4.777814901436685,3.67308846030366,7.9852990310452725,4.13972401836773,4.660310687844856,5.045105245821929,2.8731417901127116,12.39558970931786,4.473035131270649,4.260284019027736,5.1787504172366425,3.273115125596206,6.381556966289608,5.846976277908055,9.188105579709273,5.3123955897209925,7.4507183428582096
1619144059.973,4105.854049719326,2184.678978598573,6295.222185098563,1638.2907806146256,0,0,0,0,4105.854049719326,2184.678978598573,6295.222185098563,1638.2907806146256,1480472.0347477447,0,0,0,0,0,0,0,0,0,0,0,0,0,78.85073610973632,81.37239795132196,78.90328986508482,81.07411712242167,87.00947096550775,0,0,0,0,0,0,0,0,0,0,0,0,0,0,0,179.08453057133312,12638.666132050254,7189.012600840056,9789.308386234547,4358.376108259449,124929.43534914801,0,0,0,0,52.12161710658202,0,0,0,0,0,0,0,0,0,0,179.08453057133312,22986.03314621759,13007.26715114341,16793.250918810558,9258.982734484369,30769.9966588707,1.0487203474777547,0.13879051119277544,0,7.979149959779292,5.860390692743906,6.849315068866545,4.673021799012389,8.920815235518504,5.506549050962519,4.326955130497254,4.777814901436685,3.67308846030366,7.9852990310452725,6.442127773322653,4.660310687844856,5.045105245821929,2.8731417901127116,12.39558970931786,7.5781876498629686,4.260284019027736,5.1787504172366425,3.273115125596206,6.381556966289608,5.846976277908055,9.188105579709273,5.3123955897209925,7.4507183428582096
1619144064.973,4105.854049719326,6568.488574101297,6295.222185098563,7390.0434346809225,0,0,0,0,4105.854049719326,6568.488574101297,6295.222185098563,7390.0434346809225,1480472.0347477447,0,0,0,0,0,0,0,0,0,0,0,0,0,78.85073610973632,81.3719897668144,78.90328986508482,81.0739130301679,87.00947096550775,0,0,0,0,0,0,0,0,0,0,0,0,0,0,0,179.08453057133312,12638.666132050254,6955.632767606575,9789.308386234547,7093.083862345473,124929.43534914801,0,0,0,0,52.12161710658202,0,0,0,0,0,0,0,0,0,0,179.08453057133312,22986.03314621759,13505.813176533477,16793.250918810558,13545.539592382225,30769.9966588707,1.0487203474777547,0.13879051119277544,0,7.979149959779292,6.2541761331583245,6.849315068866545,5.4460407616219015,8.920815235518504,5.506549050962519,4.249632500614126,4.777814901436685,4.310056799540405,7.9852990310452725,6.442127773322653,4.182814379477449,5.045105245821929,4.243234213444097,12.39558970931786,7.5781876498629686,3.915541894930797,5.1787504172366425,4.04276645515516,6.381556966289608,5.846976277908055,9.188105579709273,5.3123955897209925,7.4507183428582096
1619144069.973,4105.854049719326,6568.488574101297,3550.1033402226813,7390.0434346809225,0,0,0,0,4105.854049719326,6568.488574101297,3550.1033402226813,7390.0434346809225,235367.77548163457,0,0,0,0,0,0,0,0,0,0,0,0,0,78.85073610973632,81.3719897668144,78.90390214184616,81.0739130301679,86.0281124606337,0,0,0,0,0,0,0,0,0,0,0,0,0,0,0,25.598293447103526,12638.666132050254,6955.632767606575,3816.7211147409826,7093.083862345473,17248.516765548964,0,0,0,0,0,0,0,0,0,0,0,0,0,0,0,25.598293447103526,22986.03314621759,13505.813176533477,8803.786919127942,13545.539592382225,26398.106792880477,0.36514232384493056,0.3224718352109558,0,7.979149959779292,6.2541761331583245,4.593639575599184,5.4460407616219015,2.2731817878575242,5.506549050962519,4.249632500614126,3.860257350210617,4.310056799540405,1.7398840076978956,6.442127773322653,4.182814379477449,2.326821787963979,4.243234213444097,2.6731551230499946,7.5781876498629686,3.915541894930797,2.5935062338420636,4.04276645515516,1.6732217852143236,1.6732217852143236,2.873141790597728,2.5398306778888298,1.806546230278471
1619144074.973,5187.920805279648,6568.488574101297,3550.1033402226813,7390.0434346809225,0,0,0,0,5187.920805279648,6568.488574101297,3550.1033402226813,7390.0434346809225,235367.77548163457,0,0,0,0,0,0,0,0,0,0,0,0,0,78.85073610973632,81.3719897668144,78.90390214184616,81.0739130301679,86.0281124606337,0,0,0,0,0,0,0,0,0,0,0,0,0,0,0,25.598293447103526,7036.197586827545,6955.632767606575,3816.7211147409826,7093.083862345473,17248.516765548964,0,0,0,0,0,0,0,0,0,0,0,0,0,0,0,25.598293447103526,13623.691753883075,13505.813176533477,8803.786919127942,13545.539592382225,26398.106792880477,0.36514232384493056,0.3224718352109558,0,5.006332911139253,6.2541761331583245,4.593639575599184,5.4460407616219015,2.2731817878575242,4.406372908690059,4.249632500614126,3.860257350210617,4.310056799540405,1.7398840076978956,4.33971068610947,4.182814379477449,2.326821787963979,4.243234213444097,2.6731551230499946,4.539697353851224,3.915541894930797,2.5935062338420636,4.04276645515516,1.6732217852143236,1.6732217852143236,2.873141790597728,2.5398306778888298,1.806546230278471
1619144079.973,5187.920805279648,3550.1033402226813,3550.1033402226813,2457.6,0,0,0,0,5187.920805279648,3550.1033402226813,3550.1033402226813,2457.6,235367.77548163457,0,0,0,0,0,0,0,0,0,0,0,0,0,78.85073610973632,81.37239795132196,78.90390214184616,81.0674841241738,86.0281124606337,0,0,0,0,0,0,0,0,0,0,0,0,0,0,0,25.598293447103526,7036.197586827545,4521.568104540303,3816.7211147409826,7489,17248.516765548964,0,0,0,0,0,0,0,0,0,0,0,0,0,0,0,25.598293447103526,13623.691753883075,9916.261084072272,8803.786919127942,14422.866666666667,26398.106792880477,0.36514232384493056,0.3224718352109558,0,5.006332911139253,4.726981798538219,4.593639575599184,8.133333333147064,2.2731817878575242,4.406372908690059,4.193612907558219,3.860257350210617,4.866666666542486,1.7398840076978956,4.33971068610947,2.6601773445354127,2.326821787963979,4.466666666946068,2.6731551230499946,4.539697353851224,2.1268084535554124,2.5935062338420636,5.333333332867667,1.6732217852143236,1.6732217852143236,2.873141790597728,2.5398306778888298,1.806546230278471
1619144084.973,5187.920805279648,3550.1033402226813,2736.8702392088735,2457.6,0,0,0,0,5187.920805279648,3550.1033402226813,2736.8702392088735,2457.6,23266.506281742848,0,0,0,0,0,0,0,0,0,0,0,0,0,78.85073610973632,81.37239795132196,78.90390214184616,81.0674841241738,85.94308297254457,0,0,0,0,0,0,0,0,0,0,0,0,0,0,0,0,7036.197586827545,4521.568104540303,4452.0245890685555,7489,16527.59957230687,0,0,0,0,0,0,0,0,0,0,0,0,0,0,0,0,13623.691753883075,9916.261084072272,9731.057062675398,14422.866666666667,25200.815290029404,0.3988973536486675,0.5301256348570158,0,5.006332911139253,4.726981798538219,3.581451290025342,8.133333333147064,1.764234162008222,4.406372908690059,4.193612907558219,3.380996926615339,4.866666666542486,1.3632718524808922,4.33971068610947,2.6601773445354127,1.7773620208911325,4.466666666946068,2.967121090590254,4.539697353851224,2.1268084535554124,3.6482694111619907,5.333333332867667,1.7642341619109772,1.430098904036356,1.4969259555918342,1.6974071104527582,1.3632718523836473
1619144089.973,4379.284998329435,3550.1033402226813,2736.8702392088735,2457.6,0,0,0,0,4379.284998329435,3550.1033402226813,2736.8702392088735,2457.6,23266.506281742848,0,0,0,0,0,0,0,0,0,0,0,0,0,78.85073610973632,81.37239795132196,78.90390214184616,81.0674841241738,85.94308297254457,0,0,0,0,0,0,0,0,0,0,0,0,0,0,0,0,5667.758102238557,4521.568104540303,4452.0245890685555,7489,16527.59957230687,0,0,0,0,0,0,0,0,0,0,0,0,0,0,0,0,11877.113264283327,9916.261084072272,9731.057062675398,14422.866666666667,25200.815290029404,0.3988973536486675,0.5301256348570158,0,4.777814901436685,4.726981798538219,3.581451290025342,8.133333333147064,1.764234162008222,3.0404276644883907,4.193612907558219,3.380996926615339,4.866666666542486,1.3632718524808922,3.5750083532588945,2.6601773445354127,1.7773620208911325,4.466666666946068,2.967121090590254,3.842298696866223,2.1268084535554124,3.6482694111619907,5.333333332867667,1.7642341619109772,1.430098904036356,1.4969259555918342,1.6974071104527582,1.3632718523836473
1619144094.973,4379.284998329435,6842.175598022184,2736.8702392088735,7937.454059472102,0,0,0,0,4379.284998329435,6842.175598022184,2736.8702392088735,7937.454059472102,23266.506281742848,0,0,0,0,0,0,0,0,0,0,0,0,0,78.85073610973632,81.37096930554549,78.90390214184616,81.06605547839735,85.94308297254457,0,0,0,0,0,0,0,0,0,0,0,0,0,0,0,0,5667.758102238557,5973.406387812375,4452.0245890685555,11470.631473438023,16527.59957230687,0,0,0,0,0,0,0,0,0,0,0,0,0,0,0,0,11877.113264283327,13240.010690899373,9731.057062675398,21172.13498162379,25200.815290029404,0.3988973536486675,0.5301256348570158,0,4.777814901436685,5.719631164065007,3.581451290025342,8.586702305814853,1.764234162008222,3.0404276644883907,3.581451289247468,3.380996926615339,6.314734380096041,1.3632718524808922,3.5750083532588945,4.383268742887452,1.7773620208911325,3.775476110769901,2.967121090590254,3.842298696866223,4.115996258340786,3.6482694111619907,6.381556966192363,1.7642341619109772,1.430098904036356,1.4969259555918342,1.6974071104527582,1.3632718523836473
1619144099.973,4379.284998329435,6842.175598022184,7645.866666666667,7937.454059472102,0,0,0,0,4379.284998329435,6842.175598022184,7645.866666666667,7937.454059472102,16110.933333333332,0,0,0,0,0,0,0,0,0,0,0,0,0,78.85073610973632,81.37096930554549,78.9014530348008,81.06605547839735,85.84336278259062,0,0,0,0,0,0,0,0,0,0,0,0,0,0,0,0,5667.758102238557,5973.406387812375,8772.8,11470.631473438023,23867.933333333334,0,0,0,0,0,0,0,0,0,0,0,0,0,0,0,0,11877.113264283327,13240.010690899373,16400,21172.13498162379,35580.53333333333,0.4397733333335433,0.394119999999892,0,4.777814901436685,5.719631164065007,6.066666666107878,8.586702305814853,2.7333333333566117,3.0404276644883907,3.581451289247468,4.533333332898721,6.314734380096041,2.266666666643374,3.5750083532588945,4.383268742887452,6.199999999565392,3.775476110769901,3.666666666686069,3.842298696866223,4.115996258340786,4.466666666169957,6.381556966192363,1.8666666667559184,1.8000000000271683,2.2000000000116415,2.133333333282877,1.8000000000271683
1619144104.973,1911.5941062737515,6842.175598022184,7645.866666666667,7937.454059472102,0,0,0,0,1911.5941062737515,6842.175598022184,7645.866666666667,7937.454059472102,16110.933333333332,0,0,0,0,0,0,0,0,0,0,0,0,0,78.85073610973632,81.37096930554549,78.9014530348008,81.06605547839735,85.84336278259062,0,0,0,0,0,0,0,0,0,0,0,0,0,0,0,0,6210.080672044803,5973.406387812375,8772.8,11470.631473438023,23867.933333333334,0,0,0,0,0,0,0,0,0,0,0,0,0,0,0,0,13624.708313887591,13240.010690899373,16400,21172.13498162379,35580.53333333333,0.4397733333335433,0.394119999999892,0,7.127141809888613,5.719631164065007,6.066666666107878,8.586702305814853,2.7333333333566117,2.660177345311581,3.581451289247468,4.533333332898721,6.314734380096041,2.266666666643374,5.593706246865821,4.383268742887452,6.199999999565392,3.775476110769901,3.666666666686069,5.060337355885807,4.115996258340786,4.466666666169957,6.381556966192363,1.8666666667559184,1.8000000000271683,2.2000000000116415,2.133333333282877,1.8000000000271683
1619144109.973,1911.5941062737515,4369.066666666667,7645.866666666667,1911.4666666666667,0,0,0,0,1911.5941062737515,4369.066666666667,7645.866666666667,1911.4666666666667,16110.933333333332,0,0,0,0,0,0,0,0,0,0,0,0,0,78.85073610973632,81.37362250484465,78.9014530348008,81.06605547839735,85.84336278259062,0,0,0,0,0,0,0,0,0,0,0,0,0,0,0,0,6210.080672044803,5600,8772.8,6138.133333333333,23867.933333333334,0,0,0,0,0,0,0,0,0,0,0,0,0,0,0,0,13624.708313887591,11191.866666666667,16400,12230.4,35580.53333333333,0.4397733333335433,0.394119999999892,0,7.127141809888613,5.933333333426461,6.066666666107878,5.799999999968946,2.7333333333566117,2.660177345311581,3.1999999998758284,4.533333332898721,3.133333333147064,2.266666666643374,5.593706246865821,4.133333333302289,6.199999999565392,3.6666666669771075,3.666666666686069,5.060337355885807,3.133333333147064,4.466666666169957,5.2000000001862645,1.8666666667559184,1.8000000000271683,2.2000000000116415,2.133333333282877,1.8000000000271683
1619144114.973,1911.5941062737515,4369.066666666667,1915.937186769128,1911.4666666666667,0,0,0,0,1911.5941062737515,4369.066666666667,1915.937186769128,1911.4666666666667,7936.923693705733,0,0,0,0,0,0,0,0,0,0,0,0,0,78.85073610973632,81.37362250484465,78.9014530348008,81.06605547839735,85.77314662326002,0,0,0,0,0,0,0,0,0,0,0,0,0,0,0,0,6210.080672044803,5600,3990.2439024390246,6138.133333333333,17206.133903514634,0,0,0,0,0,0,0,0,0,0,0,0,0,0,0,0,13624.708313887591,11191.866666666667,9227.731373204144,12230.4,27845.85059468128,0.3930509154081726,0.3233128424430008,0,7.127141809888613,5.933333333426461,3.7754761115478317,5.799999999968946,0.9755445676400853,2.660177345311581,3.1999999998758284,2.639492148688433,3.133333333147064,1.1091808098161806,5.593706246865821,4.133333333302289,3.5081857671625727,3.6666666669771075,2.6459975945009546,5.060337355885807,3.133333333147064,2.305379218206866,5.2000000001862645,1.1091808098161806,1.1759989309528436,1.1091808098161806,0.8419083255612065,1.4432714152078034
1619144119.973,7115.862621943072,4369.066666666667,1915.937186769128,1911.4666666666667,0,0,0,0,7115.862621943072,4369.066666666667,1915.937186769128,1911.4666666666667,7936.923693705733,0,0,0,0,0,0,0,0,0,0,0,0,0,78.85053201748255,81.37362250484465,78.9014530348008,81.06605547839735,85.77314662326002,0,0,0,0,0,0,0,0,0,0,0,0,0,0,0,0,8819.3906187358,5600,3990.2439024390246,6138.133333333333,17206.133903514634,0,0,0,0,0,0,0,0,0,0,0,0,0,0,0,0,17112.05398904183,11191.866666666667,9227.731373204144,12230.4,27845.85059468128,0.3930509154081726,0.3233128424430008,0,7.39008419092589,5.933333333426461,3.7754761115478317,5.799999999968946,0.9755445676400853,3.18054256320535,3.1999999998758284,2.639492148688433,3.133333333147064,1.1091808098161806,6.320994253517114,4.133333333302289,3.5081857671625727,3.6666666669771075,2.6459975945009546,5.051449953476222,3.133333333147064,2.305379218206866,5.2000000001862645,1.1091808098161806,1.1759989309528436,1.1091808098161806,0.8419083255612065,1.4432714152078034
1619144124.973,7115.862621943072,6569.366479550922,1915.937186769128,3284.4637487470764,0,0,0,0,7115.862621943072,6569.366479550922,1915.937186769128,3284.4637487470764,7936.923693705733,0,0,0,0,0,0,0,0,0,0,0,0,0,78.85053201748255,81.37382659709841,78.9014530348008,81.06687184741247,85.77314662326002,0,0,0,0,0,0,0,0,0,0,0,0,0,0,0,0,8819.3906187358,8676.757551456829,3990.2439024390246,8252.856665552958,17206.133903514634,0,0,0,0,0,0,0,0,0,0,0,0,0,0,0,0,17112.05398904183,16768.511093290563,9227.731373204144,16139.72602739726,27845.85059468128,0.3930509154081726,0.3233128424430008,0,7.39008419092589,5.9075113601008695,3.7754761115478317,6.5820247244813,0.9755445676400853,3.18054256320535,4.838278535213263,2.639492148688433,4.710992315340363,1.1091808098161806,6.320994253517114,4.236835071116758,3.5081857671625727,3.9759438690588524,2.6459975945009546,5.051449953476222,4.37048917442219,2.305379218206866,3.775476110769901,1.1091808098161806,1.1759989309528436,1.1091808098161806,0.8419083255612065,1.4432714152078034
1619144129.973,7115.862621943072,6569.366479550922,8465.066666666668,3284.4637487470764,0,0,0,0,7115.862621943072,6569.366479550922,8465.066666666668,3284.4637487470764,157023.80158677243,0,0,0,0,0,0,0,0,0,0,0,0,0,78.85053201748255,81.37382659709841,78.90308577283103,81.06687184741247,86.00603961976833,0,0,0,0,0,0,0,0,0,0,0,0,0,0,0,57.73718247883192,8819.3906187358,8676.757551456829,9322.6,8252.856665552958,11620.841389425961,0,0,0,0,0,0,0,0,0,0,0,0,0,0,0,57.73718247883192,17112.05398904183,16768.511093290563,17943.333333333332,16139.72602739726,20982.86552436829,0.4343622908193112,0.36890459363952816,0,7.39008419092589,5.9075113601008695,6.866666666076824,6.5820247244813,1.5267684512999438,3.18054256320535,4.838278535213263,4.733333333084971,4.710992315340363,1.7934528968869614,6.320994253517114,4.236835071116758,6.3333333330228925,3.9759438690588524,3.126875125016099,5.051449953476222,4.37048917442219,4.866666666542486,3.775476110769901,1.5267684512029263,1.593439562575412,1.7934528968869614,1.7267817854174439,1.5267684512029263
1619144134.973,2730.6666666666665,6569.366479550922,8465.066666666668,3284.4637487470764,0,0,0,0,2730.6666666666665,6569.366479550922,8465.066666666668,3284.4637487470764,157023.80158677243,0,0,0,0,0,0,0,0,0,0,0,0,0,78.85053201748255,81.37382659709841,78.90308577283103,81.06687184741247,86.00603961976833,0,0,0,0,0,0,0,0,0,0,0,0,0,0,0,57.73718247883192,5837.466666666666,8676.757551456829,9322.6,8252.856665552958,11620.841389425961,0,0,0,0,0,0,0,0,0,0,0,0,0,0,0,57.73718247883192,11606.6,16768.511093290563,17943.333333333332,16139.72602739726,20982.86552436829,0.4343622908193112,0.36890459363952816,0,5.533333333053932,5.9075113601008695,6.866666666076824,6.5820247244813,1.5267684512999438,4.533333332898721,4.838278535213263,4.733333333084971,4.710992315340363,1.7934528968869614,4.466666666946068,4.236835071116758,6.3333333330228925,3.9759438690588524,3.126875125016099,3.066666666418314,4.37048917442219,4.866666666542486,3.775476110769901,1.5267684512029263,1.593439562575412,1.7934528968869614,1.7267817854174439,1.5267684512029263
1619144139.973,2730.6666666666665,3003.5330977934805,8465.066666666668,8465.066666666668,0,0,0,0,2730.6666666666665,3003.5330977934805,8465.066666666668,8465.066666666668,157023.80158677243,0,0,0,0,0,0,0,0,0,0,0,0,0,78.85053201748255,81.37341841259087,78.90308577283103,81.06707593966624,86.00603961976833,0,0,0,0,0,0,0,0,0,0,0,0,0,0,0,57.73718247883192,5837.466666666666,9378.641423905074,9322.6,7158.066666666667,11620.841389425961,0,0,0,0,0,0,0,0,0,0,0,0,0,0,0,57.73718247883192,11606.6,17831.877874808346,17943.333333333332,13537.066666666668,20982.86552436829,0.4343622908193112,0.36890459363952816,0,5.533333333053932,6.939537364424055,6.866666666076824,6.466666666480407,1.5267684512999438,4.533333332898721,5.006332911139253,4.733333333084971,3.800000000434622,1.7934528968869614,4.466666666946068,5.939604025715312,6.3333333330228925,4.066666666573539,3.126875125016099,3.066666666418314,5.872941803910777,4.866666666542486,4.200000000031039,1.5267684512029263,1.593439562575412,1.7934528968869614,1.7267817854174439,1.5267684512029263
1619144144.973,2730.6666666666665,3003.5330977934805,1915.937186769128,8465.066666666668,0,0,0,0,2730.6666666666665,3003.5330977934805,1915.937186769128,8465.066666666668,10127.09655863682,0,0,0,0,0,0,0,0,0,0,0,0,0,78.85053201748255,81.37341841259087,78.90247349606969,81.06707593966624,85.95331005547887,0,0,0,0,0,0,0,0,0,0,0,0,0,0,0,0,5837.466666666666,9378.641423905074,6855.19545606415,7158.066666666667,19029.201470096894,0,0,0,0,0,0,0,0,0,0,0,0,0,0,0,0,11606.6,17831.877874808346,13960.173738723688,13537.066666666668,32293.35115268961,0.39225526227873997,0.3818843969262256,0,5.533333333053932,6.939537364424055,6.181089208681328,6.466666666480407,1.3698630136363903,4.533333332898721,5.006332911139253,4.911460073629314,3.800000000434622,0.968927497544712,4.466666666946068,5.939604025715312,4.777814901436685,4.066666666573539,2.305379218206866,3.066666666418314,5.872941803910777,3.240895422777328,4.200000000031039,1.3698630137336352,0.7684597394502504,1.97126628801702,0.9021049114484043,1.5703307718280968
1619144149.973,6568.927497494153,3003.5330977934805,1915.937186769128,8465.066666666668,0,0,0,0,6568.927497494153,3003.5330977934805,1915.937186769128,8465.066666666668,10127.09655863682,0,0,0,0,0,0,0,0,0,0,0,0,0,78.84869518719852,81.37341841259087,78.90247349606969,81.06707593966624,85.95331005547887,0,0,0,0,0,0,0,0,0,0,0,0,0,0,0,0,6204.74440360842,9378.641423905074,6855.19545606415,7158.066666666667,19029.201470096894,0,0,0,0,0,0,0,0,0,0,0,0,0,0,0,0,13407.016371533578,17831.877874808346,13960.173738723688,13537.066666666668,32293.35115268961,0.39225526227873997,0.3818843969262256,0,6.71566989667393,6.939537364424055,6.181089208681328,6.466666666480407,1.3698630136363903,5.980621450392391,5.006332911139253,4.911460073629314,3.800000000434622,0.968927497544712,4.243234212666181,5.939604025715312,4.777814901436685,4.066666666573539,2.305379218206866,0.7684597395474952,5.872941803910777,3.240895422777328,4.200000000031039,1.3698630137336352,0.7684597394502504,1.97126628801702,0.9021049114484043,1.5703307718280968
1619144154.973,6568.927497494153,5474.472066292435,1915.937186769128,1642.2318743735382,0,0,0,0,6568.927497494153,5474.472066292435,1915.937186769128,1642.2318743735382,10127.09655863682,0,0,0,0,0,0,0,0,0,0,0,0,0,78.84869518719852,81.37117339779927,78.90247349606969,81.0676882164276,85.95331005547887,0,0,0,0,0,0,0,0,0,0,0,0,0,0,0,0,6204.74440360842,11893.210371558407,6855.19545606415,6078.650183762112,19029.201470096894,0,0,0,0,0,0,0,0,0,0,0,0,0,0,0,0,13407.016371533578,20981.288425554663,13960.173738723688,12145.873705312395,32293.35115268961,0.39225526227873997,0.3818843969262256,0,6.71566989667393,7.7118417531684145,6.181089208681328,4.844637487532992,1.3698630136363903,5.980621450392391,6.375300721669916,4.911460073629314,2.5726695618141946,0.968927497544712,4.243234212666181,6.642608928280808,4.777814901436685,2.6394921479105022,2.305379218206866,0.7684597395474952,5.9743384117535925,3.240895422777328,4.243234213444097,1.3698630137336352,0.7684597394502504,1.97126628801702,0.9021049114484043,1.5703307718280968
1619144159.973,6568.927497494153,5474.472066292435,44236.8,1642.2318743735382,0,0,0,0,6568.927497494153,5474.472066292435,44236.8,1642.2318743735382,6007.066195586961,0,0,0,0,0,0,0,0,0,0,0,0,0,78.84869518719852,81.37117339779927,78.62990829114577,81.0676882164276,85.89221733703928,0,0,0,0,0,0,0,0,0,0,0,0,0,0,0,0,6204.74440360842,11893.210371558407,223367.93333333332,6078.650183762112,18830.211319245383,0,0,0,0,0,0,0,0,0,0,0,0,0,0,0,0,13407.016371533578,20981.288425554663,23055.333333333332,12145.873705312395,30569.695353643092,0.4279314712351598,0.44569695353638944,0,6.71566989667393,7.7118417531684145,13.133333333147064,4.844637487532992,0.4066395573473187,5.980621450392391,6.375300721669916,14.333333333488554,2.5726695618141946,0.8066128924427858,4.243234212666181,6.642608928280808,9.066666666573525,2.6394921479105022,2.4731684554052578,0.7684597395474952,5.9743384117535925,11.666666666666671,4.243234213444097,0.6732884473786243,0.4733017798308907,1.0732617824741055,0.6066262249920555,1.0732617825711088
1619144164.973,2730.6666666666665,5474.472066292435,44236.8,1642.2318743735382,0,0,0,0,2730.6666666666665,5474.472066292435,44236.8,1642.2318743735382,6007.066195586961,0,0,0,0,0,0,0,0,0,0,0,0,0,78.84226628120443,81.37117339779927,78.62990829114577,81.0676882164276,85.89221733703928,0,0,0,0,0,0,0,0,0,0,0,0,0,0,0,0,8330.666666666666,11893.210371558407,223367.93333333332,6078.650183762112,18830.211319245383,0,0,0,0,0,0,0,0,0,0,0,0,0,0,0,0,16610.466666666667,20981.288425554663,23055.333333333332,12145.873705312395,30569.695353643092,0.4279314712351598,0.44569695353638944,0,7.333333333178118,7.7118417531684145,13.133333333147064,4.844637487532992,0.4066395573473187,5.533333333053932,6.375300721669916,14.333333333488554,2.5726695618141946,0.8066128924427858,5.066666666728764,6.642608928280808,9.066666666573525,2.6394921479105022,2.4731684554052578,5.599999999782696,5.9743384117535925,11.666666666666671,4.243234213444097,0.6732884473786243,0.4733017798308907,1.0732617824741055,0.6066262249920555,1.0732617825711088
1619144169.973,2730.6666666666665,4642.133333333333,44236.8,8192,0,0,0,0,2730.6666666666665,4642.133333333333,44236.8,8192,6007.066195586961,0,0,0,0,0,0,0,0,0,0,0,0,0,78.84226628120443,81.37137749005305,78.62990829114577,81.06707593966624,85.89221733703928,0,0,0,0,0,0,0,0,0,0,0,0,0,0,0,0,8330.666666666666,5047.8,223367.93333333332,7485.066666666667,18830.211319245383,0,0,0,0,0,0,0,0,0,0,0,0,0,0,0,0,16610.466666666667,10865.466666666667,23055.333333333332,15485.2,30569.695353643092,0.4279314712351598,0.44569695353638944,0,7.333333333178118,4.933333334047347,13.133333333147064,6.866666666852922,0.4066395573473187,5.533333333053932,4.066666666573539,14.333333333488554,5.933333333426461,0.8066128924427858,5.066666666728764,2.866666667008161,9.066666666573525,6.20000000034149,2.4731684554052578,5.599999999782696,4.6666666671323185,11.666666666666671,4.200000000031039,0.6732884473786243,0.4733017798308907,1.0732617824741055,0.6066262249920555,1.0732617825711088
